Climate,Climate,Suncor Énergie Inc.,Suncor Energy Inc.,5215,2015-01-27
Climate,Climate,Groupe Co-operators limitée,The Co-operators Group Ltd.,5997,2015-01-21
Climate,Climate,Groupe Co-operators limitée,The Co-operators Group Ltd.,5997,2015-02-10
Climate,Climate,Groupe Co-operators limitée,The Co-operators Group Ltd.,5997,2015-02-24
Climate,Climate,null,GREENPEACE CANADA,61,2015-03-06
Climate,Climate,Alliance des manufacturiers et des exportateurs du Canada (MEC),Alliance of Manufacturers & Exporters Canada (CME),15791,2015-04-01
Climate,Climate,null,PEMBINA INSTITUTE,4669,2015-05-01
Climate,Climate,Alliance des manufacturiers et des exportateurs du Canada (MEC),Alliance of Manufacturers & Exporters Canada (CME),15791,2015-05-13
Climate,Climate,Association Canadienne des Producteurs Pétroliers,Canadian Association of Petroleum Producers,226641,2015-09-02
Climate,Climate,Association Canadienne des Producteurs Pétroliers,Canadian Association of Petroleum Producers,226641,2015-09-22
Climate,Climate,Association Canadienne des Producteurs Pétroliers,Canadian Association of Petroleum Producers,226641,2015-11-05
Climate,Climate,Suncor Énergie Inc.,Suncor Energy Inc.,5215,2015-11-18
Climate,Climate,Suncor Énergie Inc.,Suncor Energy Inc.,5215,2015-11-16
Climate,Climate,Suncor Énergie Inc.,Suncor Energy Inc.,5215,2015-11-17
Climate,Climate,Suncor Énergie Inc.,Suncor Energy Inc.,5215,2015-11-19
Climate,Climate,Suncor Énergie Inc.,Suncor Energy Inc.,5215,2015-11-19
Climate,Climate,Association des produits forestiers du Canada,Forest Products Association of Canada,136,2015-12-17
Climate,Climate,null,Canadian Climate Forum,353906,2015-12-18
Climate,Climate,null,Canada Clean Fuels,354087,2015-12-22
Climate,Climate,Suncor Énergie Inc.,Suncor Energy Inc.,5215,2015-12-04
Climate,Climate,null,Vancouver Aquarium,353272,2015-12-09
Climate,Climate,null,Vancouver Aquarium,353272,2015-12-14
Climate,Climate,null,GREENPEACE CANADA,61,2015-11-23
Climate,Climate,null,GREENPEACE CANADA,61,2015-11-23
Climate,Climate,null,GREENPEACE CANADA,61,2015-12-01
Climate,Climate,null,GREENPEACE CANADA,61,2015-12-02
Climate,Climate,null,GREENPEACE CANADA,61,2015-12-04
Climate,Climate,null,GREENPEACE CANADA,61,2015-12-08
Climate,Climate,Suncor Énergie Inc.,Suncor Energy Inc.,5215,2016-01-11
Climate,Climate,null,Canadian Climate Forum,353906,2016-01-14
Climate,Climate,null,Canadian Climate Forum,353906,2016-01-19
Climate,Climate,null,Suncor Energy Inc.,354266,2016-01-28
Climate,Climate,Association des produits forestiers du Canada,Forest Products Association of Canada,136,2016-02-11
Climate,Climate,null,Innergex Renewable Energy Inc.,352826,2016-02-18
Climate,Climate,null,Innergex Renewable Energy Inc.,352826,2016-02-18
Climate,Climate,null,Innergex Renewable Energy Inc.,352826,2016-02-18
Climate,Climate,null,Innergex Renewable Energy Inc.,352826,2016-02-19
Climate,Climate,null,Innergex Renewable Energy Inc.,352826,2016-02-19
Climate,Climate,null,Innergex Renewable Energy Inc.,352826,2016-02-19
Climate,Climate,null,Innergex Renewable Energy Inc.,352826,2016-02-18
Climate,Climate,Association des produits forestiers du Canada,Forest Products Association of Canada,136,2016-02-23
Climate,Climate,null,ENMAX Corporation,15758,2016-02-26
Climate,Climate,null,Rio Tinto Aluminium,220101,2016-02-03
Climate,Climate,null,Rio Tinto Aluminium,220101,2016-02-03
Climate,Climate,null,GREENPEACE CANADA,61,2016-03-03
Climate,Climate,null,GREENPEACE CANADA,61,2016-03-15
Climate,Climate,null,Rio Tinto Canada Management Inc,306985,2016-03-03
Climate,Climate,A L'action,LeadNow Society,318765,2016-02-29
Climate,Climate,A L'action,LeadNow Society,318765,2016-01-22
Climate,Climate,A L'action,LeadNow Society,318765,2016-02-19
Climate,Climate,A L'action,LeadNow Society,318765,2016-03-01
Climate,Climate,A L'action,LeadNow Society,318765,2016-03-15
Climate,Climate,A L'action,LeadNow Society,318765,2016-03-29
Climate,Climate,Association canadienne du ciment,Cement Association of Canada,333106,2016-03-17
Climate,Climate,null,Canadian Climate Forum,353906,2016-03-04
Climate,Climate,null,PEMBINA INSTITUTE,4669,2016-03-25
Climate,Climate,null,Innergex Renewable Energy Inc.,352826,2016-04-04
Climate,Climate,null,Innergex Renewable Energy Inc.,352826,2016-04-06
Climate,Climate,null,Innergex Renewable Energy Inc.,352826,2016-04-04
Climate,Climate,Action Contre La Faim,Action Against Hunger Canada,357317,2016-04-13
Climate,Climate,Association des produits forestiers du Canada,Forest Products Association of Canada,136,2016-04-04
Climate,Climate,null,Shell Canada Limited,6410,2016-03-03
Climate,Climate,null,FortisBC,357420,2016-04-13
Climate,Climate,Suncor Énergie Inc.,Suncor Energy Inc.,5215,2016-03-02
Climate,Climate,null,The Toronto-Dominion Bank,5329,2016-03-22
Climate,Climate,Association des produits forestiers du Canada,Forest Products Association of Canada,136,2016-04-12
Climate,Climate,Association des produits forestiers du Canada,Forest Products Association of Canada,136,2016-04-15
Climate,Climate,Association des produits forestiers du Canada,Forest Products Association of Canada,136,2016-04-21
Climate,Climate,null,Carbon Engineering,357421,2016-04-19
Climate,Climate,null,Carbon Engineering,357421,2016-04-19
Climate,Climate,null,Carbon Engineering,357421,2016-04-19
Climate,Climate,null,Carbon Engineering,357421,2016-04-21
Climate,Climate,null,Canadian Climate Forum,353906,2016-04-11
Climate,Climate,Association des produits forestiers du Canada,Forest Products Association of Canada,136,2016-04-25
Climate,Climate,Association des produits forestiers du Canada,Forest Products Association of Canada,136,2016-04-27
Climate,Climate,Association canadienne des carburants,Canadian Fuels Association,15673,2016-04-21
Climate,Climate,null,WEST COAST ENVIRONMENTAL LAW ASSOCIATION,12890,2016-04-28
Climate,Climate,null,Canadian Natural Resources Limited,286266,2016-04-07
Climate,Climate,null,NextEra Canada Development LP,355387,2016-04-05
Climate,Climate,null,NextEra Canada Development LP,355387,2016-04-05
Climate,Climate,Suncor Énergie Inc.,Suncor Energy Inc.,5215,2016-04-24
Climate,Climate,null,Vancouver Aquarium,353272,2016-04-06
Climate,Climate,null,NEBC Resource Municipalities Coalition,357528,2016-04-18
Climate,Climate,null,NEBC Resource Municipalities Coalition,357528,2016-04-18
Climate,Climate,null,NEBC Resource Municipalities Coalition,357528,2016-04-18
Climate,Climate,null,NEBC Resource Municipalities Coalition,357528,2016-04-18
Climate,Climate,null,NEBC Resource Municipalities Coalition,357528,2016-04-19
Climate,Climate,null,Evok Innovations,357774,2016-05-11
Climate,Climate,null,FortisBC,357420,2016-05-18
Climate,Climate,null,FortisBC,357420,2016-05-18
Climate,Climate,null,FortisBC,357420,2016-05-18
Climate,Climate,null,Natural Resources Defense Council,357113,2016-02-10
Climate,Climate,null,Natural Resources Defense Council,357113,2016-02-11
Climate,Climate,null,FortisBC,357420,2016-06-03
Climate,Climate,null,FortisBC,357420,2016-06-06
Climate,Climate,null,FortisBC,357420,2016-06-06
Climate,Climate,null,FortisBC,357420,2016-06-03
Climate,Climate,null,Innergex Renewable Energy Inc.,352826,2016-06-07
Climate,Climate,null,Innergex Renewable Energy Inc.,352826,2016-06-07
Climate,Climate,null,Innergex Renewable Energy Inc.,352826,2016-06-07
Climate,Climate,null,Innergex Renewable Energy Inc.,352826,2016-06-08
Climate,Climate,null,Canadian Construction Innovations,357137,2016-05-12
Climate,Climate,null,Canadian Construction Innovations,357137,2016-05-13
Climate,Climate,null,Canadian Construction Innovations,357137,2016-05-13
Climate,Climate,null,Canadian Construction Innovations,357137,2016-05-26
Climate,Climate,null,NextEra Canada Development LP,355387,2016-05-10
Climate,Climate,null,NextEra Canada Development LP,355387,2016-05-10
Climate,Climate,null,NextEra Canada Development LP,355387,2016-05-19
Climate,Climate,null,NextEra Canada Development LP,355387,2016-05-31
Climate,Climate,null,"Covanta Burnaby Renewable Energy, ULC",357516,2016-05-03
Climate,Climate,null,"Covanta Burnaby Renewable Energy, ULC",357516,2016-05-03
Climate,Climate,null,"Covanta Burnaby Renewable Energy, ULC",357516,2016-05-02
Climate,Climate,null,"Covanta Burnaby Renewable Energy, ULC",357516,2016-05-02
Climate,Climate,null,Saskatchewan Power Corporation,226822,2016-05-19
Climate,Climate,null,Carbon Engineering,357421,2016-06-08
Climate,Climate,null,Carbon Engineering,357421,2016-06-08
Climate,Climate,null,Carbon Engineering,357421,2016-06-08
Climate,Climate,null,Carbon Engineering,357421,2016-06-09
Climate,Climate,null,Carbon Engineering,357421,2016-06-09
Climate,Climate,null,Carbon Engineering,357421,2016-06-09
Climate,Climate,null,Carbon Engineering,357421,2016-06-09
Climate,Climate,null,Carbon Engineering,357421,2016-06-09
Climate,Climate,null,PEMBINA INSTITUTE,4669,2016-06-22
Climate,Climate,null,NextEra Canada Development LP,355387,2016-06-01
Climate,Climate,null,NextEra Canada Development LP,355387,2016-06-14
Climate,Climate,null,NextEra Canada Development LP,355387,2016-06-23
Climate,Climate,null,NextEra Canada Development LP,355387,2016-06-23
Climate,Climate,null,Unifor,664,2016-06-06
Climate,Climate,Suncor Énergie Inc.,Suncor Energy Inc.,5215,2016-06-06
Climate,Climate,Suncor Énergie Inc.,Suncor Energy Inc.,5215,2016-06-27
Climate,Climate,null,Teck Resources Limited,270204,2016-06-27
Climate,Climate,null,Teck Resources Limited,270204,2016-06-01
Climate,Climate,null,Teck Resources Limited,270204,2016-06-01
Climate,Climate,Association canadienne de L'industrie de la chimie,Chemistry Industry Association of Canada,568,2016-06-16
Climate,Climat,Équiterre,null,269143,2016-05-17
Climate,Climat,Équiterre,null,269143,2016-06-10
Climate,Climate,Suncor Énergie Inc.,Suncor Energy Inc.,5215,2016-07-06
Climate,Climate,Suncor Énergie Inc.,Suncor Energy Inc.,5215,2016-07-28
Climate,Climate,La Corporation Trans Mountain,Trans Mountain Corporation,357239,2016-07-06
Climate,Climate,La Corporation Trans Mountain,Trans Mountain Corporation,357239,2016-07-12
Climate,Climate,null,TELUS Corporation,235601,2016-08-17
Climate,Climate,Terrestrial Energy Inc.,Terrestrial Energy Inc.,357458,2016-08-18
Climate,Climate,Le Fonds Atmosphérique,The Atmospheric Fund,358099,2016-08-03
Climate,Climate,Le Fonds Atmosphérique,The Atmospheric Fund,358099,2016-08-25
Climate,Climate,Le Fonds Atmosphérique,The Atmospheric Fund,358099,2016-08-12
Climate,Climate,null,Rio Tinto Canada Management Inc,306985,2016-08-05
Climate,Climate,null,FortisBC,358367,2016-09-13
Climate,Climate,null,FortisBC,358367,2016-09-13
Climate,Climate,Suncor Énergie Inc.,Suncor Energy Inc.,5215,2016-08-03
Climate,Climate,Suncor Énergie Inc.,Suncor Energy Inc.,5215,2016-08-16
Climate,Climate,null,S2E Technologies Inc.,358299,2016-08-17
Climate,Climate,Congrès du travail du Canada,Canadian Labour Congress,367,2016-08-23
Climate,Climate,null,Teck Resources Limited,270204,2016-08-31
Climate,Climate,null,ENMAX Corporation,15758,2016-08-18
Climate,Climate,null,PEMBINA INSTITUTE,4669,2016-07-13
Climate,Climate,null,PEMBINA INSTITUTE,4669,2016-07-14
Climate,Climate,null,Friends of the Greenbelt Foundation,357438,2016-09-12
Climate,Climate,null,CircuitMeter,358378,2016-09-14
Climate,Climate,null,Energy Storage Canada,358175,2016-09-14
Climate,Climate,null,Canada Clean Fuels,354087,2016-09-14
Climate,Climate,Association canadienne de L'hydroélectricité,Canadian Hydropower Association,268603,2016-09-21
Climate,Climat,Équiterre,null,269143,2016-09-08
Climate,Climat,Équiterre,null,269143,2016-09-13
Climate,Climat,Équiterre,null,269143,2016-09-20
Climate,Climat,Équiterre,null,269143,2016-09-22
Climate,Climate,Conseil du batiment durable au Canada,Canada Green Building Council,357556,2016-09-21
Climate,Climate,Conseil du batiment durable au Canada,Canada Green Building Council,357556,2016-09-21
Climate,Climate,Conseil du batiment durable au Canada,Canada Green Building Council,357556,2016-09-21
Climate,Climate,null,Canadian Climate Forum,353906,2016-09-08
Climate,Climate,Conseil du batiment durable au Canada,Canada Green Building Council,357558,2016-09-28
Climate,Climate,Conseil du batiment durable au Canada,Canada Green Building Council,357558,2016-09-28
Climate,Climate,Conseil du batiment durable au Canada,Canada Green Building Council,357558,2016-09-28
Climate,Climate,Conseil du batiment durable au Canada,Canada Green Building Council,357558,2016-09-28
Climate,Climate,null,ENMAX Corporation,15758,2016-09-01
Climate,Climate,null,ConocoPhillips Canada Resources Corp.,225001,2016-09-19
Climate,Climate,Conseil du batiment durable au Canada,Canada Green Building Council,357556,2016-10-13
Climate,Climate,Conseil du batiment durable au Canada,Canada Green Building Council,357556,2016-09-20
Climate,Climate,null,Teck Resources Limited,270204,2016-09-20
Climate,Climate,null,Teck Resources Limited,270204,2016-09-13
Climate,Climate,null,Teck Resources Limited,270204,2016-09-13
Climate,Climate,Conseil du bâtiment durable du Canada.,Canada Green Building Council,237921,2016-09-07
Climate,Climate,null,Friends of the Greenbelt Foundation,357438,2016-09-12
Climate,Climate,Conseil du bâtiment durable du Canada.,Canada Green Building Council,237921,2016-09-20
Climate,Climate,Conseil du bâtiment durable du Canada.,Canada Green Building Council,237921,2016-09-28
Climate,Climate,Conseil du bâtiment durable du Canada.,Canada Green Building Council,237921,2016-09-30
Climate,Climate,null,Friends of the Greenbelt Foundation,357438,2016-09-21
Climate,Climate,null,Friends of the Greenbelt Foundation,357438,2016-09-21
Climate,Climate,null,Friends of the Greenbelt Foundation,357438,2016-09-21
Climate,Climate,null,TransAlta Corporation,357733,2016-09-22
Climate,Climate,null,TransAlta Corporation,357733,2016-09-22
Climate,Climate,null,Energy Storage Canada,358175,2016-10-18
Climate,Climate,Industries Renouvelables Canada,Renewable Industries Canada,357199,2016-10-13
Climate,Climate,Association canadienne de L'hydroélectricité,Canadian Hydropower Association,268603,2016-10-24
Climate,Climate,Association canadienne de L'hydroélectricité,Canadian Hydropower Association,268603,2016-10-26
Climate,Climate,null,The Canadian Geothermal Energy Association (CanGEA),358383,2016-10-05
Climate,Climate,null,The Canadian Geothermal Energy Association (CanGEA),358383,2016-10-03
Climate,Climat,Équiterre,null,269143,2016-10-28
Climate,Climat,Équiterre,null,269143,2016-10-04
Climate,Climate,null,Canadian Climate Forum,353906,2016-10-26
Climate,Climate,null,Canadian Climate Forum,353906,2016-10-18
Climate,Climate,La Chambre de commerce du Canada,Canadian Chamber of Commerce,15787,2016-10-06
Climate,Climate,La Chambre de commerce du Canada,Canadian Chamber of Commerce,15787,2016-10-24
Climate,Climate,Association des produits forestiers du Canada,Forest Products Association of Canada,136,2016-11-07
Climate,Climate,null,ConocoPhillips Canada Resources Corp.,225001,2016-10-13
Climate,Climate,null,ConocoPhillips Canada Resources Corp.,225001,2016-10-14
Climate,Climate,Le Fonds Atmosphérique,The Atmospheric Fund,358099,2016-10-04
Climate,Climate,Le Fonds Atmosphérique,The Atmospheric Fund,358099,2016-10-05
Climate,Climate,Le Fonds Atmosphérique,The Atmospheric Fund,358099,2016-10-13
Climate,Climate,Le Fonds Atmosphérique,The Atmospheric Fund,358099,2016-10-18
Climate,Climate,null,NextEra Canada Development LP,355387,2016-10-31
Climate,Climate,null,Teck Resources Limited,270204,2016-10-12
Climate,Climate,null,Teck Resources Limited,270204,2016-10-12
Climate,Climate,null,Teck Resources Limited,270204,2016-10-12
Climate,Climate,Conseil du bâtiment durable du Canada.,Canada Green Building Council,237921,2016-10-13
Climate,Climate,A L'action,LeadNow Society,318765,2016-10-24
Climate,Climate,A L'action,LeadNow Society,318765,2016-10-24
Climate,Climate,A L'action,LeadNow Society,318765,2016-10-24
Climate,Climate,A L'action,LeadNow Society,318765,2016-10-25
Climate,Climate,A L'action,LeadNow Society,318765,2016-10-25
Climate,Climate,Alliance des manufacturiers et des exportateurs du Canada (MEC),Alliance of Manufacturers & Exporters Canada (CME),15791,2016-10-13
Climate,Climate,Alliance des manufacturiers et des exportateurs du Canada (MEC),Alliance of Manufacturers & Exporters Canada (CME),15791,2016-10-18
Climate,Climate,Suncor Énergie Inc.,Suncor Energy Inc.,5215,2016-10-17
Climate,Climate,Suncor Énergie Inc.,Suncor Energy Inc.,5215,2016-10-18
Climate,Climate,Suncor Énergie Inc.,Suncor Energy Inc.,5215,2016-10-04
Climate,Climate,Suncor Énergie Inc.,Suncor Energy Inc.,5215,2016-10-25
Climate,Climate,null,GREENPEACE CANADA,61,2016-10-26
Climate,Climat,Équiterre,null,269143,2016-11-22
Climate,Climate,Économie verte Canada,Green Economy Canada,358730,2016-09-30
Climate,Climate,Constructeurs mondiaux d'automobiles du Canada,Global Automakers of Canada,394,2016-12-05
Climate,Climat,Groupe PureSphera inc.,null,358816,2016-11-22
Climate,Climat,Équiterre,null,269143,2016-11-09
Climate,Climat,Équiterre,null,269143,2016-12-02
Climate,Climat,Équiterre,null,269143,2016-11-15
Climate,Climate,null,NextEra Canada Development LP,355387,2016-11-07
Climate,Climate,null,NextEra Canada Development LP,355387,2016-11-08
Climate,Climate,Le Fonds Atmosphérique,The Atmospheric Fund,358099,2016-11-10
Climate,Climate,Le Fonds Atmosphérique,The Atmospheric Fund,358099,2016-11-18
Climate,Climate,Conseil du bâtiment durable du Canada.,Canada Green Building Council,237921,2016-11-01
Climate,Climate,null,Rio Tinto Aluminium,220101,2016-11-16
Climate,Climate,Association Canadienne du Propane,Canadian Propane Association,282264,2016-11-28
Climate,Climate,Suncor Énergie Inc.,Suncor Energy Inc.,5215,2016-11-25
Climate,Climate,Suncor Énergie Inc.,Suncor Energy Inc.,5215,2016-11-29
Climate,Climate,null,Teck Resources Limited,270204,2016-11-24
Climate,Climate,null,Innergex Renewable Energy Inc.,359098,2016-12-16
Climate,Climate,null,"Covanta Burnaby Renewable Energy, ULC",357516,2016-11-17
Climate,Climate,null,"Covanta Burnaby Renewable Energy, ULC",357516,2016-12-05
Climate,Climate,null,"Covanta Burnaby Renewable Energy, ULC",357516,2016-12-06
Climate,Climate,null,Friends of the Greenbelt Foundation,357438,2016-12-16
Climate,Climat,Équiterre,null,269143,2016-12-09
Climate,Climate,null,GENERAL ELECTRIC CANADA,4978,2016-12-22
Climate,Climate,La Chambre de commerce du Canada,Canadian Chamber of Commerce,15787,2016-12-14
Climate,Climate,null,ENMAX Corporation,15758,2016-12-01
Climate,Climate,null,CircuitMeter,358378,2017-01-06
Climate,Climate,null,PEMBINA INSTITUTE,4669,2016-12-05
Climate,Climate,Association nucléaire canadienne,Canadian Nuclear Association,5004,2016-12-13
Climate,Climate,Conseil du bâtiment durable du Canada.,Canada Green Building Council,237921,2016-12-13
Climate,Climate,Le Fonds Atmosphérique,The Atmospheric Fund,358099,2016-12-13
Climate,Climate,Le Fonds Atmosphérique,The Atmospheric Fund,358099,2016-12-22
Climate,Climate,null,Repsol Oil & Gas Canada Inc.,16086,2016-12-14
Climate,Climate,null,Teck Resources Limited,270204,2016-12-02
Climate,Climate,Conseil du bâtiment durable du Canada.,Canada Green Building Council,237921,2017-01-08
Climate,Climate,Conseil du bâtiment durable du Canada.,Canada Green Building Council,237921,2017-01-09
Climate,Climate,null,Energy Storage Canada,358175,2017-01-19
Climate,Climate,null,S2E Technologies Inc.,359103,2017-01-23
Climate,Climate,null,S2E Technologies Inc.,359103,2017-01-23
Climate,Climate,null,S2E Technologies Inc.,359103,2017-01-23
Climate,Climate,null,S2E Technologies Inc.,359103,2017-01-23
Climate,Climat,null,"Canadian Solar (USA), Inc.",358994,2017-01-30
Climate,Climat,null,"Canadian Solar (USA), Inc.",358994,2017-01-30
Climate,Climat,null,"Canadian Solar (USA), Inc.",358994,2017-01-30
Climate,Climat,null,"Canadian Solar (USA), Inc.",358994,2017-01-31
Climate,Climat,null,"Canadian Solar (USA), Inc.",358994,2017-01-31
Climate,Climat,null,"Canadian Solar (USA), Inc.",358994,2017-01-31
Climate,Climat,null,"Canadian Solar (USA), Inc.",358994,2017-01-31
Climate,Climate,null,CircuitMeter,358378,2017-02-02
Climate,Climat,Équiterre,null,269143,2017-01-31
Climate,Climate,Le Fonds Atmosphérique,The Atmospheric Fund,358099,2017-01-12
Climate,Climat,Groupe PureSphera inc.,null,358816,2017-02-14
Climate,Climate,Bureau D'Assurance du Canada,Insurance Bureau of Canada,357265,2017-01-06
Climate,Climate,Bureau D'Assurance du Canada,Insurance Bureau of Canada,357265,2017-01-27
Climate,Climate,Bureau D'Assurance du Canada,Insurance Bureau of Canada,357265,2017-01-30
Climate,Climate,Conseil du bâtiment durable du Canada.,Canada Green Building Council,237921,2017-01-27
Climate,Climate,null,Teck Resources Limited,270204,2017-01-31
Climate,Climate,La Chambre de commerce du Canada,Canadian Chamber of Commerce,15787,2017-02-28
Climate,Climate,null,The Canadian Geothermal Energy Association (CanGEA),358383,2017-02-27
Climate,Climate,null,EcoJustice,359259,2017-02-23
Climate,Climate,null,Canadian Solar Industries Association,359393,2017-03-06
Climate,Climate,null,CircuitMeter,358378,2017-03-06
Climate,Climat,Équiterre,null,269143,2017-02-06
Climate,Climat,Équiterre,null,269143,2017-02-24
Climate,Climat,Équiterre,null,269143,2017-02-06
Climate,Climat,Équiterre,null,269143,2017-02-06
Climate,Climat,Équiterre,null,269143,2017-02-06
Climate,Climate,null,Sustainable Waterloo Region,359303,2017-02-28
Climate,Climate,null,Canadian Canola Growers Association,358233,2017-02-16
Climate,Climate,Le Fonds Atmosphérique,The Atmospheric Fund,358099,2017-02-01
Climate,Climate,Le Fonds Atmosphérique,The Atmospheric Fund,358099,2017-02-22
Climate,Climate,Conseil du bâtiment durable du Canada.,Canada Green Building Council,237921,2017-02-02
Climate,Climate,Conseil du bâtiment durable du Canada.,Canada Green Building Council,237921,2017-02-08
Climate,Climate,null,Council of Canadian Innovators,357757,2017-02-15
Climate,Climate,null,ENMAX Corporation,15758,2017-02-24
Climate,Climate,La Chambre de commerce du Canada,Canadian Chamber of Commerce,15787,2017-02-27
Climate,Climate,Suncor Énergie Inc.,Suncor Energy Inc.,5215,2017-02-15
Climate,Climate,A L'action,LeadNow Society,318765,2016-11-23
Climate,Climate,null,ALUS Canada,357540,2017-04-06
Climate,Climate,null,Canadian Natural Resources Limited,286266,2017-04-04
Climate,Climate,null,Canadian Natural Resources Limited,286266,2017-04-04
Climate,Climate,null,Sustainable Waterloo Region,359303,2017-03-31
Climate,Climate,Association Canadienne des Producteurs Pétroliers,Canadian Association of Petroleum Producers,226641,2017-03-08
Climate,Climate,null,Teck Resources Limited,270204,2017-03-23
Climate,Climate,null,Teck Resources Limited,270204,2017-03-24
Climate,Climate,null,Teck Resources Limited,270204,2017-03-24
Climate,Climate,null,Council of Canadian Innovators,357757,2017-03-10
Climate,Climate,null,Council of Canadian Innovators,357757,2017-03-15
Climate,Climate,null,Council of Canadian Innovators,357757,2017-03-21
Climate,Climate,null,Council of Canadian Innovators,357757,2017-03-24
Climate,Climat,Corporation Rain Tree,Raintree Corporation,359554,2017-03-30
Climate,Climat,Corporation Rain Tree,Raintree Corporation,359554,2017-03-30
Climate,Climat,Corporation Rain Tree,Raintree Corporation,359554,2017-03-30
Climate,Climat,Corporation Rain Tree,Raintree Corporation,359554,2017-03-30
Climate,Climat,Corporation Rain Tree,Raintree Corporation,359554,2017-03-31
Climate,Climate,null,Tesla Motors Canada ULC,359655,2017-04-24
Climate,Climate,null,Loblaw Companies Limited,278084,2017-04-21
Climate,Climat,Équiterre,null,269143,2017-04-03
Climate,Climat,Équiterre,null,269143,2017-04-07
Climate,Climat,Équiterre,null,269143,2017-04-18
Climate,Climate,null,NextEra Canada Development LP,355387,2017-04-06
Climate,Climate,null,NextEra Canada Development LP,355387,2017-04-06
Climate,Climate,Groupe Co-operators limitée,The Co-operators Group Ltd.,5997,2017-04-04
Climate,Climate,null,H2GO Canada Inc.,359868,2017-04-27
Climate,Climate,null,H2GO Canada Inc.,359868,2017-04-27
Climate,Climate,null,H2GO Canada Inc.,359868,2017-04-27
Climate,Climate,null,H2GO Canada Inc.,359869,2017-04-27
Climate,Climate,null,H2GO Canada Inc.,359869,2017-04-27
Climate,Climate,null,H2GO Canada Inc.,359869,2017-04-27
Climate,Climate,Conseil du bâtiment durable du Canada.,Canada Green Building Council,237921,2017-04-12
Climate,Climate,null,PEMBINA INSTITUTE,4669,2017-04-24
Climate,Climate,null,Tesla Motors Canada ULC,359655,2017-05-17
Climate,Climate,null,Tesla Motors Canada ULC,359655,2017-05-17
Climate,Climate,null,Tesla Motors Canada ULC,359655,2017-05-17
Climate,Climate,null,Tesla Motors Canada ULC,359655,2017-05-17
Climate,Climate,null,Tesla Motors Canada ULC,359655,2017-05-17
Climate,Climate,null,Natural Resources Defense Council,357113,2017-04-25
Climate,Climate,null,ConocoPhillips Canada Resources Corp.,225001,2017-05-29
Climate,Climate,Association des fabricants d'appareils électroménagers Canada,Association of Home Appliance Manufacturers Canada,360006,2017-04-13
Climate,Climate,Association canadienne de L'énergie éolienne,Canadian Wind Energy Association,359798,2017-05-17
Climate,Climate,Association canadienne de L'énergie éolienne,Canadian Wind Energy Association,359798,2017-05-17
Climate,Climate,Association canadienne de L'énergie éolienne,Canadian Wind Energy Association,359798,2017-05-18
Climate,Climate,Association canadienne de L'énergie éolienne,Canadian Wind Energy Association,359798,2017-05-18
Climate,Climate,Association canadienne de L'énergie éolienne,Canadian Wind Energy Association,359798,2017-05-17
Climate,Climate,null,MaRS Discovery District,359144,2017-05-25
Climate,Climate,null,MaRS Discovery District,359144,2017-05-25
Climate,Climat,Équiterre,null,269143,2017-05-17
Climate,Climate,null,North Atlantic Refinery Ltd.,359865,2017-05-30
Climate,Climate,null,North Atlantic Refinery Ltd.,359865,2017-05-30
Climate,Climate,null,NextEra Canada Development LP,355387,2017-05-01
Climate,Climate,null,ENMAX Corporation,15758,2017-05-29
Climate,Climate,null,ENMAX Corporation,15758,2017-05-29
Climate,Climate,null,Tesla Motors Canada ULC,359655,2017-05-24
Climate,Climate,null,Tesla Motors Canada ULC,359655,2017-05-24
Climate,Climate,null,"REPSOL, SA",357697,2017-05-09
Climate,Climate,Association canadienne des carburants,Canadian Fuels Association,15673,2017-05-18
Climate,Climate,Conseil du bâtiment durable du Canada.,Canada Green Building Council,237921,2017-05-18
Climate,Climate,null,Mosaic,357805,2017-05-25
Climate,Climate,null,Mosaic,357805,2017-05-24
Climate,Climate,Citoyens pour une politique juste,Citizens for Public Justice,196,2017-05-04
Climate,Climate,Citoyens pour une politique juste,Citizens for Public Justice,196,2017-05-09
Climate,Climate,Citoyens pour une politique juste,Citizens for Public Justice,196,2017-06-05
Climate,Climate,Citoyens pour une politique juste,Citizens for Public Justice,196,2017-06-16
Climate,Climat,Équiterre,null,269143,2017-06-06
Climate,Climat,Équiterre,null,269143,2017-06-08
Climate,Climat,Équiterre,null,269143,2017-06-14
Climate,Climate,null,NextEra Canada Development LP,355387,2017-06-26
Climate,Climate,null,NextEra Canada Development LP,355387,2017-06-26
Climate,Climate,null,Nova Scotia Power Incorporated,223484,2017-06-27
Climate,Climate,Conseil du bâtiment durable du Canada.,Canada Green Building Council,237921,2017-06-14
Climate,Climate,Conseil du bâtiment durable du Canada.,Canada Green Building Council,237921,2017-06-28
Climate,Climate,Conseil du bâtiment durable du Canada.,Canada Green Building Council,237921,2017-06-29
Climate,Climate,null,The International CCS Knowledge Centre,359884,2017-06-28
Climate,Climate,null,The International CCS Knowledge Centre,359884,2017-06-28
Climate,Climate,null,"Covanta Burnaby Renewable Energy, ULC",357516,2017-06-14
Climate,Climate,null,"Covanta Burnaby Renewable Energy, ULC",357516,2017-06-14
Climate,Climate,null,S2E Technologies Inc.,360030,2017-06-20
Climate,Climate,null,S2E Technologies Inc.,360030,2017-06-20
Climate,Climate,null,Canadian Natural Resources Limited,286266,2017-07-20
Climate,Climate,null,Canadian Natural Resources Limited,286266,2017-07-20
Climate,Climate,null,Canadian Natural Resources Limited,286266,2017-07-20
Climate,Climate,Toyota Canada Inc. (via Casacom),Toyota Canada Inc. (through Casacom),360071,2017-07-04
Climate,Climate,Toyota Canada Inc. (via Casacom),Toyota Canada Inc. (through Casacom),360071,2017-07-27
Climate,Climate,null,North Atlantic Refinery Ltd.,359865,2017-07-25
Climate,Climate,null,Tesla Motors Canada ULC,359655,2017-07-17
Climate,Climate,Suncor Énergie Inc.,Suncor Energy Inc.,5215,2017-07-11
Climate,Climate,Conseil du batiment durable au Canada,Canada Green Building Council,357556,2017-08-30
Climate,Climate,Association canadienne des carburants,Canadian Fuels Association,15673,2017-08-31
Climate,Climate,null,BUSINESS COUNCIL OF BRITISH COLUMBIA,16634,2017-08-24
Climate,Climate,null,Tesla Motors Canada ULC,359655,2017-08-28
Climate,Climate,null,Tesla Motors Canada ULC,359655,2017-08-30
Climate,Climat,Équiterre,null,269143,2017-08-02
Climate,Climat,Équiterre,null,269143,2017-08-02
Climate,Climate,Suncor Énergie Inc.,Suncor Energy Inc.,5215,2017-08-23
Climate,Climate,Conseil du bâtiment durable du Canada.,Canada Green Building Council,237921,2017-08-30
Climate,Climate,Conseil du bâtiment durable du Canada.,Canada Green Building Council,237921,2017-08-31
Climate,Climate,null,Sustainable Waterloo Region,359303,2017-08-17
Climate,Climate,null,Sustainable Waterloo Region,359303,2017-08-23
Climate,Climate,null,Sustainable Waterloo Region,359303,2017-09-12
Climate,Climate,null,Sustainable Waterloo Region,359303,2017-09-12
Climate,Climate,null,Canadian Natural Resources Limited,286266,2017-09-26
Climate,Climate,null,Federated Co-operatives Limited,360549,2017-09-26
Climate,Climate,null,North Atlantic Refinery Ltd.,359865,2017-09-20
Climate,Climate,null,North Atlantic Refinery Ltd.,359865,2017-09-21
Climate,Climat,Équiterre,null,269143,2017-09-21
Climate,Climat,Équiterre,null,269143,2017-09-26
Climate,Climate,null,BUSINESS COUNCIL OF BRITISH COLUMBIA,16634,2017-09-28
Climate,Climate,null,Tesla Motors Canada ULC,359655,2017-10-11
Climate,Climate,null,Tesla Motors Canada ULC,359655,2017-10-05
Climate,Climate,null,Tesla Motors Canada ULC,359655,2017-09-28
Climate,Climate,null,Canadian Natural Resources Limited,286266,2017-10-06
Climate,Climate,null,AltaGas Ltd.,360352,2017-09-25
Climate,Climate,null,AltaGas Ltd.,360352,2017-09-26
Climate,Climate,null,AltaGas Ltd.,360352,2017-09-26
Climate,Climate,Citoyens pour une politique juste,Citizens for Public Justice,196,2017-10-03
Climate,Climate,Citoyens pour une politique juste,Citizens for Public Justice,196,2017-10-17
Climate,Climate,null,Terra International (Canada) Inc.,319385,2017-10-02
Climate,Climate,Le Groupe Océan Inc.,Ocean Group Inc.,360892,2017-10-17
Climate,Climate,The Optical Society (OSA),The Optical Society (OSA),360921,2017-10-19
Climate,Climate,Association canadienne du ciment,Cement Association of Canada,333106,2017-10-17
Climate,Climate,Association canadienne du ciment,Cement Association of Canada,333106,2017-10-17
Climate,Climate,Association canadienne du ciment,Cement Association of Canada,333106,2017-10-17
Climate,Climate,Association canadienne du ciment,Cement Association of Canada,333106,2017-10-17
Climate,Climate,Association canadienne du ciment,Cement Association of Canada,333106,2017-10-18
Climate,Climate,Association des produits forestiers du Canada,Forest Products Association of Canada,136,2017-10-23
Climate,Climate,The Optical Society (OSA),The Optical Society (OSA),360942,2017-10-19
Climate,Climate,null,"Covanta Burnaby Renewable Energy, ULC",357516,2017-11-02
Climate,Climate,null,ConocoPhillips Canada Resources Corp.,225001,2017-10-10
Climate,Climate,null,Domtar Inc.,358646,2017-10-17
Climate,Climate,null,BHE Canada L.P.,359448,2017-10-05
Climate,Climate,null,MasonryWorx,357526,2017-10-17
Climate,Climate,null,MasonryWorx,357526,2017-10-17
Climate,Climate,null,MasonryWorx,357526,2017-10-18
Climate,Climate,null,MasonryWorx,357526,2017-10-18
Climate,Climate,null,Canadian Canola Growers Association,358233,2017-11-07
Climate,Climate,null,NextEra Canada Development LP,355387,2017-10-26
Climate,Climate,Conseil du bâtiment durable du Canada.,Canada Green Building Council,237921,2017-10-19
Climate,Climate,Conseil du bâtiment durable du Canada.,Canada Green Building Council,237921,2017-10-20
Climate,Climate,null,Samsung Renewable Energy Inc.,360320,2017-10-17
Climate,Climate,null,Agrisoma Biosciences Inc.,360796,2017-10-16
Climate,Climate,null,Tesla Motors Canada ULC,359655,2017-10-10
Climate,Climate,null,Nsolv Corporation,360900,2017-10-26
Climate,Climate,null,Nsolv Corporation,360900,2017-10-26
Climate,Climate,null,Nsolv Corporation,360900,2017-10-26
Climate,Climat,Équiterre,null,269143,2017-10-16
Climate,Climat,Équiterre,null,269143,2017-10-25
Climate,Climate,null,Nsolv Corporation,360833,2017-10-26
Climate,Climate,Mobilité Électrique Canada,Electric Mobility Canada,360416,2017-09-25
Climate,Climate,Mobilité Électrique Canada,Electric Mobility Canada,360416,2017-11-07
Climate,Climate,Mobilité Électrique Canada,Electric Mobility Canada,360416,2017-10-11
Climate,Climate,Lobby Climatique des Citoyens,Citizens' Climate Lobby Canada,360933,2017-10-23
Climate,Climate,Lobby Climatique des Citoyens,Citizens' Climate Lobby Canada,360933,2017-10-23
Climate,Climate,Lobby Climatique des Citoyens,Citizens' Climate Lobby Canada,360933,2017-10-12
Climate,Climate,Lobby Climatique des Citoyens,Citizens' Climate Lobby Canada,360933,2017-10-24
Climate,Climate,Lobby Climatique des Citoyens,Citizens' Climate Lobby Canada,360933,2017-10-24
Climate,Climate,Lobby Climatique des Citoyens,Citizens' Climate Lobby Canada,360933,2017-10-24
Climate,Climate,Lobby Climatique des Citoyens,Citizens' Climate Lobby Canada,360933,2017-10-23
Climate,Climate,L'association minière du Canada (AMC),The Mining Association of Canada (MAC),12699,2017-10-11
Climate,Climate,null,Tesla Motors Canada ULC,359655,2017-11-29
Climate,Climate,null,Tesla Motors Canada ULC,359655,2017-11-29
Climate,Climate,null,Tesla Motors Canada ULC,359655,2017-11-29
Climate,Climate,null,Tesla Motors Canada ULC,359655,2017-11-16
Climate,Climat,Équiterre,null,269143,2017-11-06
Climate,Climat,Équiterre,null,269143,2017-11-30
Climate,Climate,null,KRUGER INC.,4373,2017-12-12
Climate,Climate,null,Canadian Natural Resources Limited,286266,2017-11-07
Climate,Climate,null,Canadian Natural Resources Limited,286266,2017-11-07
Climate,Climate,null,Canadian Natural Resources Limited,286266,2017-11-07
Climate,Climate,null,Canadian Natural Resources Limited,286266,2017-11-07
Climate,Climate,null,Canadian Natural Resources Limited,286266,2017-11-07
Climate,Climate,null,Canadian Natural Resources Limited,286266,2017-11-07
Climate,Climate,null,Mosaic,357805,2017-11-24
Climate,Climate,null,Rio Tinto Aluminium,220101,2017-11-01
Climate,Climate,null,Rio Tinto Aluminium,220101,2017-11-01
Climate,Climate,null,Federated Co-operatives Limited,360549,2017-12-01
Climate,Climate,Laboratoires Nucléaires Canadiens,Canadian Nuclear Laboratories,360579,2017-12-07
Climate,Climate,Suncor Énergie Inc.,Suncor Energy Inc.,5215,2017-12-12
Climate,Climate,null,Tesla Motors Canada ULC,359655,2017-12-05
Climate,Climate,null,Tesla Motors Canada ULC,359655,2017-12-08
Climate,Climate,null,"IATSE (International Alliance of Theatrical Stage Employees, Moving Picture Technicians, Artists and Allied Crafts of the United States, its Territories and Canada)",330086,2018-01-10
Climate,Climate,Conseil du bâtiment durable du Canada.,Canada Green Building Council,237921,2017-12-12
Climate,Climat,Équiterre,null,269143,2017-12-20
Climate,Climate,AIEST - Alliance Internationale des Employes de Scene et de Theatre,IATSE - International Alliance of Theatrical Stage Employees,273726,2018-01-10
Climate,Climate,null,EcoJustice,359259,2018-01-22
Climate,Climate,CONOCO PHILLIPS CANADA,CONOCO PHILLIPS CANADA,360919,2018-01-12
Climate,Climate,null,Federated Co-operatives Limited,360549,2018-01-09
Climate,Climate,null,Federated Co-operatives Limited,360549,2018-01-17
Climate,Climate,null,Federated Co-operatives Limited,360549,2018-01-19
Climate,Climate,null,Federated Co-operatives Limited,360549,2018-01-23
Climate,Climate,null,Sustainable Waterloo Region,359303,2018-01-30
Climate,Climate,null,Sustainable Waterloo Region,359303,2018-01-30
Climate,Climate,null,Sustainable Waterloo Region,359303,2018-01-30
Climate,Climate,null,Sustainable Waterloo Region,359303,2018-01-30
Climate,Climate,null,Sustainable Waterloo Region,359303,2018-01-31
Climate,Climate,null,Tesla Motors Canada ULC,359655,2018-01-22
Climate,Climate,Toyota Canada Inc. (via Casacom),Toyota Canada Inc. (through Casacom),360708,2018-01-12
Climate,Climate,null,Tesla Motors Canada ULC,359655,2018-01-17
Climate,Climate,Conseil du bâtiment durable du Canada.,Canada Green Building Council,237921,2018-01-11
Climate,Climate,Evidence pour la democratie,Evidence for Democracy,344911,2018-01-17
Climate,Climate,Evidence pour la democratie,Evidence for Democracy,344911,2018-01-24
Climate,Climate,Evidence pour la democratie,Evidence for Democracy,344911,2018-01-30
Climate,Climate,Evidence pour la democratie,Evidence for Democracy,344911,2018-01-19
Climate,Climate,Evidence pour la democratie,Evidence for Democracy,344911,2018-02-15
Climate,Climate,null,Sustainable Waterloo Region,361110,2018-01-31
Climate,Climate,Mobilité Électrique Canada,Electric Mobility Canada,360416,2018-02-01
Climate,Climate,Mobilité Électrique Canada,Electric Mobility Canada,360416,2018-02-01
Climate,Climate,Mobilité Électrique Canada,Electric Mobility Canada,360416,2018-02-01
Climate,Climate,Lobby Climatique des Citoyens,Citizens' Climate Lobby Canada,360933,2018-02-23
Climate,Climate,Lobby Climatique des Citoyens,Citizens' Climate Lobby Canada,360933,2018-02-24
Climate,Climate,null,Domtar Inc.,358646,2018-02-16
Climate,Climate,null,Natural Resources Defense Council,357113,2018-02-01
Climate,Climate,null,Natural Resources Defense Council,357113,2018-02-01
Climate,Climate,null,Natural Resources Defense Council,357113,2018-02-01
Climate,Climate,null,Natural Resources Defense Council,357113,2018-02-01
Climate,Climat,Équiterre,null,269143,2018-02-06
Climate,Climat,Équiterre,null,269143,2018-02-18
Climate,Climat,Équiterre,null,269143,2018-02-20
Climate,Climat,Équiterre,null,269143,2018-02-28
Climate,Climate,null,Federated Co-operatives Limited,360549,2018-02-08
Climate,Climate,null,Federated Co-operatives Limited,360549,2018-02-12
Climate,Climate,null,Federated Co-operatives Limited,360549,2018-02-23
Climate,Climate,null,Clean Resource Innovation Network,360409,2018-02-06
Climate,Climate,null,The International CCS Knowledge Centre,359884,2018-02-21
Climate,Climate,null,The International CCS Knowledge Centre,359884,2018-02-27
Climate,Climate,null,NextEra Canada Development LP,355387,2018-02-27
Climate,Climate,null,NextEra Canada Development LP,355387,2018-02-26
Climate,Climate,Industries Renouvelables Canada,Renewable Industries Canada,357255,2018-02-26
Climate,Climate,null,The Pollution Probe Foundation,244722,2018-02-15
Climate,Climate,Conseil du bâtiment durable du Canada.,Canada Green Building Council,237921,2018-02-26
Climate,Climate,null,Michelin North America (Canada) Inc.,361784,2018-03-21
Climate,Climate,Association canadienne de L'hydroélectricité,Canadian Hydropower Association,268603,2018-03-21
Climate,Climate,null,Canadian Solar Industries Association,359393,2018-03-23
Climate,Climate,null,Energy Storage Canada,358175,2018-03-23
Climate,Climate,null,Sustainable Waterloo Region,359303,2018-03-15
Climate,Climat,Équiterre,null,269143,2018-03-27
Climate,Climat,Équiterre,null,269143,2018-03-27
Climate,Climate,null,Federated Co-operatives Limited,360549,2018-03-01
Climate,Climate,null,Federated Co-operatives Limited,360549,2018-03-01
Climate,Climate,null,Federated Co-operatives Limited,360549,2018-03-23
Climate,Climate,null,Canadian Natural Resources Limited,286266,2018-03-01
Climate,Climate,null,Canadian Natural Resources Limited,286266,2018-03-01
Climate,Climate,null,Canadian Natural Resources Limited,286266,2018-03-01
Climate,Climate,Conseil du bâtiment durable du Canada.,Canada Green Building Council,237921,2018-03-09
Climate,Climate,null,Tesla Motors Canada ULC,359655,2018-03-21
Climate,Climate,null,Carbon Engineering Ltd.,361156,2018-03-08
Climate,Climate,null,Tesla Motors Canada ULC,359655,2018-03-22
Climate,Climate,null,Carbon Engineering Ltd.,361156,2018-03-08
Climate,Climate,null,Carbon Engineering Ltd.,361156,2018-03-08
Climate,Climate,null,Carbon Engineering Ltd.,361156,2018-03-08
Climate,Climate,null,Carbon Engineering Ltd.,361156,2018-03-14
Climate,Climate,null,Carbon Engineering Ltd.,361156,2018-03-14
Climate,Climate,null,Nova Scotia Power Incorporated,223484,2018-03-21
Climate,Climate,null,NextEra Canada Development LP,355387,2018-03-27
Climate,Climate,Association canadienne des carburants,Canadian Fuels Association,15673,2018-03-12
Climate,Climate,null,Energy Storage Canada,358175,2018-04-18
Climate,Climate,null,Canadian Canola Growers Association,358233,2018-04-17
Climate,Climat,Équiterre,null,269143,2018-04-17
Climate,Climat,Équiterre,null,269143,2018-04-17
Climate,Climat,Équiterre,null,269143,2018-04-17
Climate,Climat,Équiterre,null,269143,2018-04-24
Climate,Climat,Équiterre,null,269143,2018-04-04
Climate,Climate,null,"Proterra, Inc.",361813,2018-04-24
Climate,Climate,null,"Proterra, Inc.",361813,2018-04-25
Climate,Climate,null,"Proterra, Inc.",361813,2018-04-25
Climate,Climate,null,Energy Storage Canada,358175,2018-05-04
Climate,Climate,Association canadienne des carburants,Canadian Fuels Association,15673,2018-04-25
Climate,Climate,Association canadienne des carburants,Canadian Fuels Association,15673,2018-04-05
Climate,Climate,Association canadienne des carburants,Canadian Fuels Association,15673,2018-04-05
Climate,Climate,Association canadienne des carburants,Canadian Fuels Association,15673,2018-04-11
Climate,Climate,Association canadienne des carburants,Canadian Fuels Association,15673,2018-04-10
Climate,Climate,Association canadienne des carburants,Canadian Fuels Association,15673,2018-04-11
Climate,Climate,null,Tesla Motors Canada ULC,359655,2018-04-25
Climate,Climate,null,Tesla Motors Canada ULC,359655,2018-04-17
Climate,Climate,null,Tesla Motors Canada ULC,359655,2018-04-19
Climate,Climate,null,Tesla Motors Canada ULC,359655,2018-04-03
Climate,Climate,null,S2E Technologies Inc.,360030,2018-04-25
Climate,Climate,Comptables professionnels agréés du Canada (CPA Canada),Chartered Professional Accountants of Canada (CPA Canada),13682,2018-04-16
Climate,Climate,Toyota Canada Inc. (via Casacom),Toyota Canada Inc. (through Casacom),360708,2018-04-23
Climate,Climate,null,Teck Resources Limited,270204,2018-04-25
Climate,Climate,null,Carbon Engineering Ltd.,361156,2018-04-26
Climate,Climate,null,Carbon Engineering Ltd.,361156,2018-04-26
Climate,Climate,L'association minière du Canada (AMC),The Mining Association of Canada (MAC),12699,2018-04-04
Climate,Climate,Mobilité Électrique Canada,Electric Mobility Canada,360416,2018-04-25
Climate,Climate,Mobilité Électrique Canada,Electric Mobility Canada,360416,2018-04-25
Climate,Climate,Mobilité Électrique Canada,Electric Mobility Canada,360416,2018-04-25
Climate,Climate,null,Federated Co-operatives Limited,360549,2018-04-05
Climate,Climate,null,Federated Co-operatives Limited,360549,2018-04-17
Climate,Climate,null,Federated Co-operatives Limited,360549,2018-04-17
Climate,Climate,null,EcoJustice,359259,2018-05-22
Climate,Climate,null,EcoJustice,359259,2018-05-24
Climate,Climate,null,Federated Co-operatives Limited,362265,2018-05-30
Climate,Climate,null,Domtar Inc.,358646,2018-05-31
Climate,Climate,null,Innergex Renewable Energy Inc.,352826,2018-06-05
Climate,Climate,null,Innergex Renewable Energy Inc.,352826,2018-06-05
Climate,Climate,null,Tesla Motors Canada ULC,359655,2018-05-22
Climate,Climat,Équiterre,null,269143,2018-05-22
Climate,Climate,null,Federated Co-operatives Limited,360549,2018-05-30
Climate,Climate,null,Federated Co-operatives Limited,360549,2018-05-30
Climate,Climate,null,Federated Co-operatives Limited,360549,2018-05-30
Climate,Climate,null,Federated Co-operatives Limited,360549,2018-05-30
Climate,Climate,null,Naikun Wind Energy Group Inc.,362156,2018-06-05
Climate,Climate,null,Naikun Wind Energy Group Inc.,362156,2018-06-05
Climate,Climate,null,Naikun Wind Energy Group Inc.,362156,2018-06-05
Climate,Climate,Le Fonds Atmosphérique,The Atmospheric Fund,358099,2018-05-04
Climate,Climate,null,The International CCS Knowledge Centre,359884,2018-05-24
Climate,Climate,null,The International CCS Knowledge Centre,359884,2018-05-24
Climate,Climate,null,Heritage Gas Limited,360428,2018-05-14
Climate,Climate,Association canadienne des carburants,Canadian Fuels Association,15673,2018-05-11
Climate,Climate,null,Private Forest Landowners Association,362368,2018-05-01
Climate,Climate,Biocarburants avances Canada,Advanced Biofuels Canada,359426,2018-05-03
Climate,Climate,null,CHAR Technologies,360088,2018-05-31
Climate,Climate,null,Nova Scotia Power Incorporated,223484,2018-05-29
Climate,Climate,Association canadienne de L'hydroélectricité,Canadian Hydropower Association,268603,2018-05-03
Climate,Climate,Association canadienne de L'hydroélectricité,Canadian Hydropower Association,268603,2018-05-30
Climate,Climate,null,Federated Co-operatives Limited,360549,2018-06-20
Climate,Climate,null,Federated Co-operatives Limited,360549,2017-09-25
Climate,Climate,null,North Atlantic Refinery Ltd.,359865,2018-06-08
Climate,Climate,null,North Atlantic Refinery Ltd.,359865,2018-06-08
Climate,Climate,null,North Atlantic Refinery Ltd.,359865,2018-06-19
Climate,Climate,null,North Atlantic Refinery Ltd.,359865,2018-07-06
Climate,Climate,Association canadienne des carburants,Canadian Fuels Association,15673,2018-06-26
Climate,Climat,Équiterre,null,269143,2017-05-16
Climate,Climate,null,Samsung Renewable Energy Inc.,360320,2018-06-20
Climate,Climate,Mobilité Électrique Canada,Electric Mobility Canada,360416,2018-06-01
Climate,Climate,Mobilité Électrique Canada,Electric Mobility Canada,360416,2018-06-26
Climate,Climate,Mobilité Électrique Canada,Electric Mobility Canada,360416,2018-06-26
Climate,Climate,Mobilité Électrique Canada,Electric Mobility Canada,360416,2018-06-26
Climate,Climate,null,Heritage Gas Limited,360428,2018-06-08
Climate,Climate,Mobilité Électrique Canada,Electric Mobility Canada,360416,2018-06-26
Climate,Climate,Mobilité Électrique Canada,Electric Mobility Canada,360416,2018-06-26
Climate,Climate,null,Heritage Gas Limited,360428,2018-06-20
Climate,Climate,null,Tesla Motors Canada ULC,359655,2018-06-26
Climate,Climate,null,Tesla Motors Canada ULC,359655,2018-06-21
Climate,Climate,null,TNC Canada,362005,2018-06-13
Climate,Climate,null,Carbon Engineering Ltd.,361156,2018-06-14
Climate,Climate,Greengate Power Corporation,Greengate Power Corporation,362331,2018-06-19
Climate,Climate,null,Plastics Sustainability Coalition,362052,2018-06-19
Climate,Climate,null,Plastics Sustainability Coalition,362052,2018-06-19
Climate,Climate,null,Plastics Sustainability Coalition,362052,2018-06-19
Climate,Climate,null,Plastics Sustainability Coalition,362052,2018-06-19
Climate,Climate,null,Plastics Sustainability Coalition,362052,2018-06-20
Climate,Climate,null,EcoJustice,359259,2018-07-13
Climate,Climate,null,EcoJustice,359259,2018-07-13
Climate,Climate,null,Energy Storage Canada,358175,2018-07-12
Climate,Climate,null,Loblaw Companies Limited,278084,2018-07-18
Climate,Climate,null,General Fusion Inc,362456,2018-03-29
Climate,Climate,null,General Fusion Inc,362456,2018-03-29
Climate,Climate,null,General Fusion Inc,362456,2018-04-05
Climate,Climate,null,General Fusion Inc,362456,2018-04-26
Climate,Climate,null,General Fusion Inc,362456,2018-06-24
Climate,Climate,null,General Fusion Inc,362456,2018-06-25
Climate,Climate,null,General Fusion Inc,362456,2018-06-25
Climate,Climate,null,General Fusion Inc,362456,2018-06-27
Climate,Climate,null,General Fusion Inc,362456,2018-06-28
Climate,Climate,null,EcoJustice,359259,2018-07-24
Climate,Climate,Greengate Power Corporation,Greengate Power Corporation,362331,2018-07-06
Climate,Climate,null,Mohawk College,357795,2018-07-19
Climate,Climate,null,Federated Co-operatives Limited,360549,2018-07-13
Climate,Climate,null,Federated Co-operatives Limited,360549,2018-07-19
Climate,Climate,null,Federated Co-operatives Limited,360549,2018-07-10
Climate,Climate,null,Federated Co-operatives Limited,360549,2018-07-10
Climate,Climate,Le Fonds Atmosphérique,The Atmospheric Fund,358099,2018-07-30
Climate,Climate,Toyota Canada Inc. (via Casacom),Toyota Canada Inc. (through Casacom),360708,2018-07-04
Climate,Climate,null,Tesla Motors Canada ULC,359655,2018-07-12
Climate,Climate,null,Tesla Motors Canada ULC,359655,2018-07-31
Climate,Climate,null,General Fusion Inc,362456,2018-07-27
Climate,Climate,null,General Fusion Inc,362456,2018-08-04
Climate,Climate,null,Canadian Natural Resources Limited,286266,2018-07-05
Climate,Climat,Centre québécois du droit de L'environnement,Quebec Center for Environmental Law,362023,2018-07-27
Climate,Climate,null,General Fusion Inc,362456,2018-08-15
Climate,Climate,null,General Fusion Inc,362456,2018-08-16
Climate,Climate,Reseau Action Climat Canada,Climate Action Network Canada,279744,2018-07-03
Climate,Climate,Reseau Action Climat Canada,Climate Action Network Canada,279744,2018-08-06
Climate,Climate,Reseau Action Climat Canada,Climate Action Network Canada,279744,2018-08-09
Climate,Climate,null,Canadian Natural Resources Limited,286266,2018-07-09
Climate,Climate,Reseau Action Climat Canada,Climate Action Network Canada,279744,2018-08-14
Climate,Climate,null,Carbon Engineering Ltd.,361156,2018-07-27
Climate,Climate,null,Federated Co-operatives Limited,360549,2018-07-19
Climate,Climate,null,Federated Co-operatives Limited,360549,2018-07-17
Climate,Climate,Reseau Action Climat Canada,Climate Action Network Canada,279744,2018-08-24
Climate,Climate,Reseau Action Climat Canada,Climate Action Network Canada,279744,2018-08-13
Climate,Climate,Reseau Action Climat Canada,Climate Action Network Canada,279744,2018-08-28
Climate,Climate,Reseau Action Climat Canada,Climate Action Network Canada,279744,2018-08-29
Climate,Climate,Reseau Action Climat Canada,Climate Action Network Canada,279744,2018-09-04
Climate,Climate,null,Tesla Motors Canada ULC,359655,2018-08-28
Climate,Climate,null,Tesla Motors Canada ULC,359655,2018-08-28
Climate,Climate,null,Tesla Motors Canada ULC,359655,2018-08-31
Climate,Climate,null,Tesla Motors Canada ULC,359655,2018-08-01
Climate,Climate,null,Tesla Motors Canada ULC,359655,2018-08-30
Climate,Climate,null,Federated Co-operatives Limited,360549,2018-08-14
Climate,Climate,null,Federated Co-operatives Limited,360549,2018-08-14
Climate,Climate,null,Federated Co-operatives Limited,360549,2018-08-15
Climate,Climate,null,Federated Co-operatives Limited,360549,2018-08-15
Climate,Climate,null,The International CCS Knowledge Centre,359884,2018-08-20
Climate,Climate,null,The International CCS Knowledge Centre,359884,2018-08-20
Climate,Climate,null,Canadian Natural Resources Limited,286266,2018-08-16
Climate,Climate,null,Canadian Natural Resources Limited,286266,2018-08-16
Climate,Climate,Association canadienne des carburants,Canadian Fuels Association,15673,2018-08-15
Climate,Climate,null,Inter Pipeline Ltd.,358783,2018-08-23
Climate,Climat,Centre québécois du droit de L'environnement,Quebec Center for Environmental Law,362023,2018-08-08
Climate,Climate,null,Federated Co-operatives Limited,362265,2018-09-14
Climate,Climate,null,Federated Co-operatives Limited,362265,2018-09-14
Climate,Climate,null,Electricity Distributors Association,362902,2018-09-24
Climate,Climate,null,Electricity Distributors Association,362902,2018-09-24
Climate,Climate,null,Tesla Motors Canada ULC,359655,2018-09-04
Climate,Climate,null,Tesla Motors Canada ULC,359655,2018-09-15
Climate,Climate,null,Federated Co-operatives Limited,360549,2018-09-14
Climate,Climate,null,Federated Co-operatives Limited,360549,2018-09-14
Climate,Climate,null,Federated Co-operatives Limited,360549,2018-09-14
Climate,Climate,null,Federated Co-operatives Limited,360549,2018-09-14
Climate,Climate,null,Federated Co-operatives Limited,360549,2018-09-11
Climate,Climate,L'Eglise Unie du Canada,The United Church of Canada,310665,2018-09-07
Climate,Climate,null,NextEra Canada Development LP,355387,2018-09-25
Climate,Climate,null,Federated Co-operatives Limited,360549,2018-09-11
Climate,Climate,Greengate Power Corporation,Greengate Power Corporation,362331,2018-09-25
Climate,Climate,Suncor Énergie Inc.,Suncor Energy Inc.,5215,2018-09-13
Climate,Climate,null,BUSINESS COUNCIL OF BRITISH COLUMBIA,16634,2018-09-05
Climate,Climate,null,Dow Chemical Canada ULC,361393,2018-10-29
Climate,Climate,Lobby Climatique des Citoyens,Citizens' Climate Lobby Canada,360933,2018-10-15
Climate,Climate,Lobby Climatique des Citoyens,Citizens' Climate Lobby Canada,360933,2018-10-15
Climate,Climate,Lobby Climatique des Citoyens,Citizens' Climate Lobby Canada,360933,2018-10-15
Climate,Climate,Lobby Climatique des Citoyens,Citizens' Climate Lobby Canada,360933,2018-10-15
Climate,Climate,Lobby Climatique des Citoyens,Citizens' Climate Lobby Canada,360933,2018-10-16
Climate,Climate,Lobby Climatique des Citoyens,Citizens' Climate Lobby Canada,360933,2018-10-16
Climate,Climate,Lobby Climatique des Citoyens,Citizens' Climate Lobby Canada,360933,2018-10-15
Climate,Climate,Lobby Climatique des Citoyens,Citizens' Climate Lobby Canada,360933,2018-10-15
Climate,Climate,Lobby Climatique des Citoyens,Citizens' Climate Lobby Canada,360933,2018-10-16
Climate,Climate,Lobby Climatique des Citoyens,Citizens' Climate Lobby Canada,360933,2018-09-05
Climate,Climate,L'Association des administrations portuaires canadiennes,Association of Canadian Port Authorities (ACPA),359264,2018-10-25
Climate,Climate,Association canadienne de L'hydroélectricité,Canadian Hydropower Association,268603,2018-09-27
Climate,Climate,null,Walker Environmental Group Inc.,363151,2018-11-06
Climate,Climate,null,Walker Environmental Group Inc.,363151,2018-11-06
Climate,Climate,null,Walker Environmental Group Inc.,363150,2018-11-06
Climate,Climate,null,Walker Environmental Group Inc.,363150,2018-11-07
Climate,Climat,Équiterre,null,269143,2018-10-09
Climate,Climat,Équiterre,null,269143,2018-10-11
Climate,Climat,Équiterre,null,269143,2018-10-11
Climate,Climat,Équiterre,null,269143,2018-10-18
Climate,Climat,Équiterre,null,269143,2018-10-18
